File name,File size,Last modification time,File type,File extension,File digest,File geolocation
New Bitmap Image.bmp,0,1744751789.788418,image/bmp,BMP,d41d8cd98f00b204e9800998ecf8427e,None
germany-english-garden.jpg,1635675,1745762703.256878,image/jpeg,JPG,ce980b944780440297ff351a913cbb1b,(48.14572777777778, 11.58768888888889)
sherry-christian-8Myh76_3M2U-unsplash.jpg,2283322,1745762599.832172,image/jpeg,JPG,c2e72450cb0748f4c81a92870de4c017,None
deepest_file.txt,0,1744751756.5884821,text/plain,TXT,d41d8cd98f00b204e9800998ecf8427e,None
Ćw 5 (3).pdf,918751,1743941356.265142,application/pdf,PDF,4a25bc3f12a6a4e35fb3fd71d9cacda6,None
Ćw 5 (1).pdf,918660,1743941201.1849267,application/pdf,PDF,b5c0ca2bc4dd1df8f2248d7dc3cf6931,None
Ćw 5 (2).pdf,918759,1743941314.0577364,application/pdf,PDF,657fa9f766a28e7c3356bfd1d0948284,None
CBE_cw4_gr4_pon_TN_13_v1.pdf,1814270,1743932802.839268,application/pdf,PDF,b00e06f9f620d36cffe23237fca5fea7,None
